211.0016.600;Importado com Sucesso!
312.1789.600;Importado com Sucesso!
312.1790.600;Importado com Sucesso!
319.0059.600;Importado com Sucesso!
319.0060.600;Importado com Sucesso!
319.0061.600;Importado com Sucesso!
319.0062.600;Importado com Sucesso!
319.0063.600;Importado com Sucesso!
319.0064.600;Importado com Sucesso!
319.0065.600;Importado com Sucesso!
339.0153.600;Importado com Sucesso!
339.0216.600;Importado com Sucesso!
411.0421.181;Importado com Sucesso!
5.240.032.505;Importado com Sucesso!
5.240.033.505;Importado com Sucesso!
5.240.034.505;Importado com Sucesso!
5.240.035.505;Importado com Sucesso!
523.0001.505;Importado com Sucesso!
523.0083.505;Importado com Sucesso!
523.0084.505;Importado com Sucesso!
523.0085.505;Importado com Sucesso!
523.0086.505;Importado com Sucesso!
523.0087.505;Importado com Sucesso!
523.0088.505;Importado com Sucesso!
523.0089.505;Importado com Sucesso!
523.0090.505;Importado com Sucesso!
523.0091.505;Importado com Sucesso!
523.0092.505;Importado com Sucesso!
523.0093.505;Importado com Sucesso!
524.0001.155;Importado com Sucesso!
524.0001.228;Importado com Sucesso!
524.0001.229;Importado com Sucesso!
524.0001.251;Importado com Sucesso!
524.0001.505;Importado com Sucesso!
524.0002.155;Importado com Sucesso!
524.0002.228;Importado com Sucesso!
524.0002.229;Importado com Sucesso!
524.0002.251;Importado com Sucesso!
524.0002.505;Importado com Sucesso!
524.0003.155;Importado com Sucesso!
524.0003.228;Importado com Sucesso!
524.0003.229;Importado com Sucesso!
524.0003.505;Importado com Sucesso!
524.0003.600;Importado com Sucesso!
524.0003.601;Importado com Sucesso!
524.0004.155;Importado com Sucesso!
524.0004.229;Importado com Sucesso!
524.0004.505;Importado com Sucesso!
524.0004.600;Importado com Sucesso!
524.0004.601;Importado com Sucesso!
524.0005.155;Importado com Sucesso!
524.0005.228;Importado com Sucesso!
524.0005.229;Importado com Sucesso!
524.0005.505;Importado com Sucesso!
524.0005.601;Importado com Sucesso!
524.0006.155;Importado com Sucesso!
524.0006.228;Importado com Sucesso!
524.0006.229;Importado com Sucesso!
524.0006.505;Importado com Sucesso!
524.0007.155;Importado com Sucesso!
524.0007.229;Importado com Sucesso!
524.0007.505;Importado com Sucesso!
524.0007.601;Importado com Sucesso!
524.0008.228;Importado com Sucesso!
524.0008.229;Importado com Sucesso!
524.0008.505;Importado com Sucesso!
524.0008.600;Importado com Sucesso!
524.0008.601;Importado com Sucesso!
524.0009.228;Importado com Sucesso!
524.0009.229;Importado com Sucesso!
524.0009.505;Importado com Sucesso!
524.0009.600;Importado com Sucesso!
524.0009.601;Importado com Sucesso!
524.0010.228;Importado com Sucesso!
524.0010.229;Importado com Sucesso!
524.0010.505;Importado com Sucesso!
524.0010.600;Importado com Sucesso!
524.0010.601;Importado com Sucesso!
524.0011.228;Importado com Sucesso!
524.0011.229;Importado com Sucesso!
524.0011.505;Importado com Sucesso!
524.0011.600;Importado com Sucesso!
524.0011.601;Importado com Sucesso!
524.0012.155;Importado com Sucesso!
524.0012.228;Importado com Sucesso!
524.0012.229;Importado com Sucesso!
524.0012.505;Importado com Sucesso!
524.0012.600;Importado com Sucesso!
524.0012.601;Importado com Sucesso!
524.0013.155;Importado com Sucesso!
524.0013.228;Importado com Sucesso!
524.0013.229;Importado com Sucesso!
524.0013.505;Importado com Sucesso!
524.0013.600;Importado com Sucesso!
524.0013.601;Importado com Sucesso!
524.0014.155;Importado com Sucesso!
524.0014.229;Importado com Sucesso!
524.0014.505;Importado com Sucesso!
524.0014.600;Importado com Sucesso!
524.0015.155;Importado com Sucesso!
524.0015.229;Importado com Sucesso!
524.0015.505;Importado com Sucesso!
524.0015.600;Importado com Sucesso!
524.0015.601;Importado com Sucesso!
524.0016.228;Importado com Sucesso!
524.0016.229;Importado com Sucesso!
524.0016.505;Importado com Sucesso!
524.0016.601;Importado com Sucesso!
524.0017.229;Importado com Sucesso!
524.0017.505;Importado com Sucesso!
524.0017.601;Importado com Sucesso!
524.0018.228;Importado com Sucesso!
524.0018.229;Importado com Sucesso!
524.0018.505;Importado com Sucesso!
524.0018.601;Importado com Sucesso!
524.0019.155;Importado com Sucesso!
524.0019.228;Importado com Sucesso!
524.0019.229;Importado com Sucesso!
524.0019.505;Importado com Sucesso!
524.0019.601;Importado com Sucesso!
524.0020.155;Importado com Sucesso!
524.0020.228;Importado com Sucesso!
524.0020.229;Importado com Sucesso!
524.0020.505;Importado com Sucesso!
524.0021.228;Importado com Sucesso!
524.0021.505;Importado com Sucesso!
524.0021.601;Importado com Sucesso!
524.0022.228;Importado com Sucesso!
524.0022.601;Importado com Sucesso!
524.0023.228;Importado com Sucesso!
524.0023.505;Importado com Sucesso!
524.0023.600;Importado com Sucesso!
524.0023.601;Importado com Sucesso!
524.0024.228;Importado com Sucesso!
524.0024.505;Importado com Sucesso!
524.0024.601;Importado com Sucesso!
524.0025.228;Importado com Sucesso!
524.0026.505;Importado com Sucesso!
524.0027.228;Importado com Sucesso!
524.0028.505;Importado com Sucesso!
524.0030.229;Importado com Sucesso!
524.0030.505;Importado com Sucesso!
524.0031.229;Importado com Sucesso!
524.0031.505;Importado com Sucesso!
524.0032.229;Importado com Sucesso!
524.0032.505;Importado com Sucesso!
524.0033.505;Importado com Sucesso!
524.0034.505;Importado com Sucesso!
524.0034.600;Importado com Sucesso!
524.0035.505;Importado com Sucesso!
524.0036.505;Importado com Sucesso!
524.0037.505;Importado com Sucesso!
524.0038.505;Importado com Sucesso!
524.0039.505;Importado com Sucesso!
524.0040.505;Importado com Sucesso!
524.0041.505;Importado com Sucesso!
524.0042.505;Importado com Sucesso!
524.0043.505;Importado com Sucesso!
524.0044.505;Importado com Sucesso!
524.0045.505;Importado com Sucesso!
524.0046.505;Importado com Sucesso!
524.0047.505;Importado com Sucesso!
524.0048.505;Importado com Sucesso!
524.0049.505;Importado com Sucesso!
525.0008.229;Importado com Sucesso!
525.0044.505;Importado com Sucesso!
525.0151.600;Importado com Sucesso!
525.0295.600;Importado com Sucesso!
723.0025.173;Importado com Sucesso!
726.0001.112;Importado com Sucesso!
726.0002.201;Importado com Sucesso!
LIM.0021.000;Importado com Sucesso!
PAP.0024.000;Importado com Sucesso!
